INSERT INTO accounts (id, name) VALUES (1, 'うにゃん');
INSERT INTO accounts (id, name) VALUES (2, 'すまき');
INSERT INTO accounts (id, name) VALUES (3, 'おむらいす3');

INSERT INto character_classes (id, name) VALUES (1, 'ソードマン');
INSERT INto character_classes (id, name) VALUES (2, 'ウィッチ');
INSERT INto character_classes (id, name) VALUES (3, 'エンジニア');
INSERT INto character_classes (id, name) VALUES (4, 'ローグ');
INSERT INto character_classes (id, name) VALUES (5, 'デストロイヤー');

INSERT INTO characters (id, account_id, character_class_id, level) VALUES ( 1, 1, 1, 296);
INSERT INTO characters (id, account_id, character_class_id, level) VALUES ( 2, 1, 2, 271);
INSERT INTO characters (id, account_id, character_class_id, level) VALUES ( 3, 1, 3, 270);
INSERT INTO characters (id, account_id, character_class_id, level) VALUES ( 4, 1, 4, 264);
INSERT INTO characters (id, account_id, character_class_id, level) VALUES ( 5, 1, 5, 265);
INSERT INTO characters (id, account_id, character_class_id, level) VALUES ( 6, 2, 1, 250);
INSERT INTO characters (id, account_id, character_class_id, level) VALUES ( 7, 2, 2, 250);
INSERT INTO characters (id, account_id, character_class_id, level) VALUES ( 8, 2, 3, 250);
INSERT INTO characters (id, account_id, character_class_id, level) VALUES ( 9, 2, 4, 250);
INSERT INTO characters (id, account_id, character_class_id, level) VALUES (10, 2, 5, 250);
INSERT INTO characters (id, account_id, character_class_id, level) VALUES (11, 3, 1, 250);
INSERT INTO characters (id, account_id, character_class_id, level) VALUES (12, 3, 2, 250);
INSERT INTO characters (id, account_id, character_class_id, level) VALUES (13, 3, 3, 250);
INSERT INTO characters (id, account_id, character_class_id, level) VALUES (14, 3, 4, 250);
INSERT INTO characters (id, account_id, character_class_id, level) VALUES (15, 3, 5, 250);
