INSERT INTO accounts (id, name) VALUES (1, 'うにゃん');
INSERT INTO accounts (id, name) VALUES (2, 'すまき');
INSERT INTO accounts (id, name) VALUES (3, 'おむらいす3');

INSERT INTO character_classes (id, name) VALUES (1, 'ソードマン');
INSERT INTO character_classes (id, name) VALUES (2, 'ウィッチ');
INSERT INTO character_classes (id, name) VALUES (3, 'エンジニア');
INSERT INTO character_classes (id, name) VALUES (4, 'ローグ');
INSERT INTO character_classes (id, name) VALUES (5, 'デストロイヤー');

INSERT INTO characters (id, account_id, character_class_id, level, created_at, updated_at) VALUES ( 1, 1, 1, 296, CURRENT_TIMESTAMP, CURRENT_TIMESTAMP);
INSERT INTO characters (id, account_id, character_class_id, level, created_at, updated_at) VALUES ( 2, 1, 2, 271, CURRENT_TIMESTAMP, CURRENT_TIMESTAMP);
INSERT INTO characters (id, account_id, character_class_id, level, created_at, updated_at) VALUES ( 3, 1, 3, 270, CURRENT_TIMESTAMP, CURRENT_TIMESTAMP);
INSERT INTO characters (id, account_id, character_class_id, level, created_at, updated_at) VALUES ( 4, 1, 4, 264, CURRENT_TIMESTAMP, CURRENT_TIMESTAMP);
INSERT INTO characters (id, account_id, character_class_id, level, created_at, updated_at) VALUES ( 5, 1, 5, 265, CURRENT_TIMESTAMP, CURRENT_TIMESTAMP);
INSERT INTO characters (id, account_id, character_class_id, level, created_at, updated_at) VALUES ( 6, 2, 1, 250, CURRENT_TIMESTAMP, CURRENT_TIMESTAMP);
INSERT INTO characters (id, account_id, character_class_id, level, created_at, updated_at) VALUES ( 7, 2, 2, 250, CURRENT_TIMESTAMP, CURRENT_TIMESTAMP);
INSERT INTO characters (id, account_id, character_class_id, level, created_at, updated_at) VALUES ( 8, 2, 3, 250, CURRENT_TIMESTAMP, CURRENT_TIMESTAMP);
INSERT INTO characters (id, account_id, character_class_id, level, created_at, updated_at) VALUES ( 9, 2, 4, 250, CURRENT_TIMESTAMP, CURRENT_TIMESTAMP);
INSERT INTO characters (id, account_id, character_class_id, level, created_at, updated_at) VALUES (10, 2, 5, 250, CURRENT_TIMESTAMP, CURRENT_TIMESTAMP);
INSERT INTO characters (id, account_id, character_class_id, level, created_at, updated_at) VALUES (11, 3, 1, 250, CURRENT_TIMESTAMP, CURRENT_TIMESTAMP);
INSERT INTO characters (id, account_id, character_class_id, level, created_at, updated_at) VALUES (12, 3, 2, 250, CURRENT_TIMESTAMP, CURRENT_TIMESTAMP);
INSERT INTO characters (id, account_id, character_class_id, level, created_at, updated_at) VALUES (13, 3, 3, 250, CURRENT_TIMESTAMP, CURRENT_TIMESTAMP);
INSERT INTO characters (id, account_id, character_class_id, level, created_at, updated_at) VALUES (14, 3, 4, 250, CURRENT_TIMESTAMP, CURRENT_TIMESTAMP);
INSERT INTO characters (id, account_id, character_class_id, level, created_at, updated_at) VALUES (15, 3, 5, 250, CURRENT_TIMESTAMP, CURRENT_TIMESTAMP);
